Species	Project	ExtBatch	SeqBatch	ProjectSeqBatch	Batch	Barcode	SampleID	SampleName	IndID	SexID	Sex	TissueID	Tissue
Danio_rerio	AMP0020	D1	S1	AMP0020_S1	AMP0020_D1_S1	A01	DRE_F02_T03	F02_brain	DRE04	F02	F	T03	brain
Danio_rerio	AMP0020	D1	S1	AMP0020_S1	AMP0020_D1_S1	B01	DRE_F02_T10	F02_intestine	DRE04	F02	F	T10	intestine
Danio_rerio	AMP0020	D1	S1	AMP0020_S1	AMP0020_D1_S1	C01	DRE_F04_T07	F04_pectoral_fin	DRE06	F04	F	T07	pectoral_fin
Danio_rerio	AMP0020	D1	S1	AMP0020_S1	AMP0020_D1_S1	D01	DRE_F06_T04	F06_liver	DRE08	F06	F	T04	liver
Danio_rerio	AMP0020	D1	S1	AMP0020_S1	AMP0020_D1_S1	E01	DRE_F08_T01	F08_gills	DRE13	F08	F	T01	gills
Danio_rerio	AMP0020	D1	S1	AMP0020_S1	AMP0020_D1_S1	F01	DRE_F08_T08	F08_kidney	DRE13	F08	F	T08	kidney
Danio_rerio	AMP0020	D1	S1	AMP0020_S1	AMP0020_D1_S1	G01	DRE_F09_T03	F09_brain	DRE15	F09	F	T03	brain
Danio_rerio	AMP0020	D1	S1	AMP0020_S1	AMP0020_D1_S1	H01	DRE_F09_T10	F09_intestine	DRE15	F09	F	T10	intestine
Danio_rerio	AMP0020	D1	S1	AMP0020_S1	AMP0020_D1_S1	A02	DRE_F10_T05	F10_skin	DRE16	F10	F	T05	skin
Danio_rerio	AMP0020	D1	S1	AMP0020_S1	AMP0020_D1_S1	B02	DRE_F10_T12	F10_gonads	DRE16	F10	F	T12	gonads
Danio_rerio	AMP0020	D1	S1	AMP0020_S1	AMP0020_D1_S1	C02	DRE_F11_T07	F11_pectoral_fin	DRE21	F11	F	T07	pectoral_fin
Danio_rerio	AMP0020	D1	S1	AMP0020_S1	AMP0020_D1_S1	D02	DRE_F13_T04	F13_liver	DRE23	F13	F	T04	liver
Danio_rerio	AMP0020	D1	S1	AMP0020_S1	AMP0020_D1_S1	E02	DRE_M01_T06	M01_eye	DRE02	M01	M	T06	eye
Danio_rerio	AMP0020	D1	S1	AMP0020_S1	AMP0020_D1_S1	F02	DRE_M02_T01	M02_gills	DRE03	M02	M	T01	gills
Danio_rerio	AMP0020	D1	S1	AMP0020_S1	AMP0020_D1_S1	G02	DRE_M03_T03	M03_brain	DRE09	M03	M	T03	brain
Danio_rerio	AMP0020	D1	S1	AMP0020_S1	AMP0020_D1_S1	H02	DRE_M03_T10	M03_intestine	DRE09	M03	M	T10	intestine
Danio_rerio	AMP0020	D1	S1	AMP0020_S1	AMP0020_D1_S1	A03	DRE_M04_T05	M04_skin	DRE10	M04	M	T05	skin
Danio_rerio	AMP0020	D1	S1	AMP0020_S1	AMP0020_D1_S1	B03	DRE_M04_T12	M04_gonads	DRE10	M04	M	T12	gonads
Danio_rerio	AMP0020	D1	S1	AMP0020_S1	AMP0020_D1_S1	C03	DRE_M05_T07	M05_pectoral_fin	DRE11	M05	M	T07	pectoral_fin
Danio_rerio	AMP0020	D1	S1	AMP0020_S1	AMP0020_D1_S1	D03	DRE_M07_T04	M07_liver	DRE17	M07	M	T04	liver
Danio_rerio	AMP0020	D1	S1	AMP0020_S1	AMP0020_D1_S1	E03	DRE_M08_T06	M08_eye	DRE18	M08	M	T06	eye
Danio_rerio	AMP0020	D1	S1	AMP0020_S1	AMP0020_D1_S1	F03	DRE_M09_T01	M09_gills	DRE19	M09	M	T01	gills
Danio_rerio	AMP0020	D1	S1	AMP0020_S1	AMP0020_D1_S1	G03	DRE_M09_T08	M09_kidney	DRE19	M09	M	T08	kidney
Danio_rerio	AMP0020	D1	S1	AMP0020_S1	AMP0020_D1_S1	H03	DRE_M10_T03	M10_brain	DRE20	M10	M	T03	brain
Danio_rerio	AMP0020	D1	S1	AMP0020_S1	AMP0020_D1_S1	A04	DRE_M10_T10	M10_intestine	DRE20	M10	M	T10	intestine
Danio_rerio	AMP0020	D1	S1	AMP0020_S1	AMP0020_D1_S1	B04	DRE_M11_T05	M11_skin	DRE24	M11	M	T05	skin
Danio_rerio	AMP0020	D1	S1	AMP0020_S1	AMP0020_D1_S1	C04	DRE_M11_T12	M11_gonads	DRE24	M11	M	T12	gonads
Danio_rerio	AMP0020	D1	S1	AMP0020_S1	AMP0020_D1_S1	D04	DRE_M12_T07	M12_pectoral_fin	DRE25	M12	M	T07	pectoral_fin
Danio_rerio	AMP0020	D2	S1	AMP0020_S1	AMP0020_D2_S1	E04	DRE_F02_T04	F02_liver	DRE04	F02	F	T04	liver
Danio_rerio	AMP0020	D2	S1	AMP0020_S1	AMP0020_D2_S1	F04	DRE_F03_T06	F03_eye	DRE05	F03	F	T06	eye
Danio_rerio	AMP0020	D2	S1	AMP0020_S1	AMP0020_D2_S1	G04	DRE_F05_T03	F05_brain	DRE07	F05	F	T03	brain
Danio_rerio	AMP0020	D2	S1	AMP0020_S1	AMP0020_D2_S1	H04	DRE_F05_T10	F05_intestine	DRE07	F05	F	T10	intestine
Danio_rerio	AMP0020	D2	S1	AMP0020_S1	AMP0020_D2_S1	A05	DRE_F06_T05	F06_skin	DRE08	F06	F	T05	skin
Danio_rerio	AMP0020	D2	S1	AMP0020_S1	AMP0020_D2_S1	B05	DRE_F06_T12	F06_gonads	DRE08	F06	F	T12	gonads
Danio_rerio	AMP0020	D2	S1	AMP0020_S1	AMP0020_D2_S1	C05	DRE_F07_T07	F07_pectoral_fin	DRE12	F07	F	T07	pectoral_fin
Danio_rerio	AMP0020	D2	S1	AMP0020_S1	AMP0020_D2_S1	D05	DRE_F09_T04	F09_liver	DRE15	F09	F	T04	liver
Danio_rerio	AMP0020	D2	S1	AMP0020_S1	AMP0020_D2_S1	E05	DRE_F11_T01	F11_gills	DRE21	F11	F	T01	gills
Danio_rerio	AMP0020	D2	S1	AMP0020_S1	AMP0020_D2_S1	F05	DRE_F12_T03	F12_brain	DRE22	F12	F	T03	brain
Danio_rerio	AMP0020	D2	S1	AMP0020_S1	AMP0020_D2_S1	G05	DRE_F12_T10	F12_intestine	DRE22	F12	F	T10	intestine
Danio_rerio	AMP0020	D2	S1	AMP0020_S1	AMP0020_D2_S1	H05	DRE_F13_T05	F13_skin	DRE23	F13	F	T05	skin
Danio_rerio	AMP0020	D2	S1	AMP0020_S1	AMP0020_D2_S1	A06	DRE_F13_T12	F13_gonads	DRE23	F13	F	T12	gonads
Danio_rerio	AMP0020	D2	S1	AMP0020_S1	AMP0020_D2_S1	B06	DRE_M01_T07	M01_pectoral_fin	DRE02	M01	M	T07	pectoral_fin
Danio_rerio	AMP0020	D2	S1	AMP0020_S1	AMP0020_D2_S1	C06	DRE_M03_T04	M03_liver	DRE09	M03	M	T04	liver
Danio_rerio	AMP0020	D2	S1	AMP0020_S1	AMP0020_D2_S1	D06	DRE_M04_T06	M04_eye	DRE10	M04	M	T06	eye
Danio_rerio	AMP0020	D2	S1	AMP0020_S1	AMP0020_D2_S1	E06	DRE_M05_T01	M05_gills	DRE11	M05	M	T01	gills
Danio_rerio	AMP0020	D2	S1	AMP0020_S1	AMP0020_D2_S1	F06	DRE_M05_T08	M05_kidney	DRE11	M05	M	T08	kidney
Danio_rerio	AMP0020	D2	S1	AMP0020_S1	AMP0020_D2_S1	G06	DRE_M06_T03	M06_brain	DRE14	M06	M	T03	brain
Danio_rerio	AMP0020	D2	S1	AMP0020_S1	AMP0020_D2_S1	H06	DRE_M06_T10	M06_intestine	DRE14	M06	M	T10	intestine
Danio_rerio	AMP0020	D2	S1	AMP0020_S1	AMP0020_D2_S1	A07	DRE_M07_T05	M07_skin	DRE17	M07	M	T05	skin
Danio_rerio	AMP0020	D2	S1	AMP0020_S1	AMP0020_D2_S1	B07	DRE_M07_T12	M07_gonads	DRE17	M07	M	T12	gonads
Danio_rerio	AMP0020	D2	S1	AMP0020_S1	AMP0020_D2_S1	C07	DRE_M08_T07	M08_pectoral_fin	DRE18	M08	M	T07	pectoral_fin
Danio_rerio	AMP0020	D2	S1	AMP0020_S1	AMP0020_D2_S1	D07	DRE_M10_T04	M10_liver	DRE20	M10	M	T04	liver
Danio_rerio	AMP0020	D2	S1	AMP0020_S1	AMP0020_D2_S1	E07	DRE_M10_T11	M10_muscle	DRE20	M10	M	T11	muscle
Danio_rerio	AMP0020	D2	S1	AMP0020_S1	AMP0020_D2_S1	F07	DRE_M11_T06	M11_eye	DRE24	M11	M	T06	eye
Danio_rerio	AMP0020	D2	S1	AMP0020_S1	AMP0020_D2_S1	G07	DRE_M12_T01	M12_gills	DRE25	M12	M	T01	gills
Danio_rerio	AMP0020	D2	S1	AMP0020_S1	AMP0020_D2_S1	H07	DRE_M12_T08	M12_kidney	DRE25	M12	M	T08	kidney
Danio_rerio	AMP0020	D3	S1	AMP0020_S1	AMP0020_D3_S1	A08	DRE_F01_T03	F01_brain	DRE01	F01	F	T03	brain
Danio_rerio	AMP0020	D3	S1	AMP0020_S1	AMP0020_D3_S1	B08	DRE_F02_T05	F02_skin	DRE04	F02	F	T05	skin
Danio_rerio	AMP0020	D3	S1	AMP0020_S1	AMP0020_D3_S1	C08	DRE_F02_T12	F02_gonads	DRE04	F02	F	T12	gonads
Danio_rerio	AMP0020	D3	S1	AMP0020_S1	AMP0020_D3_S1	D08	DRE_F05_T04	F05_liver	DRE07	F05	F	T04	liver
Danio_rerio	AMP0020	D3	S1	AMP0020_S1	AMP0020_D3_S1	E08	DRE_F06_T06	F06_eye	DRE08	F06	F	T06	eye
Danio_rerio	AMP0020	D3	S1	AMP0020_S1	AMP0020_D3_S1	F08	DRE_F07_T01	F07_gills	DRE12	F07	F	T01	gills
Danio_rerio	AMP0020	D3	S1	AMP0020_S1	AMP0020_D3_S1	G08	DRE_F08_T03	F08_brain	DRE13	F08	F	T03	brain
Danio_rerio	AMP0020	D3	S1	AMP0020_S1	AMP0020_D3_S1	H08	DRE_F08_T10	F08_intestine	DRE13	F08	F	T10	intestine
Danio_rerio	AMP0020	D3	S2	AMP0020_S2	AMP0020_D3_S2	A01	DRE_F09_T05	F09_skin	DRE15	F09	F	T05	skin
Danio_rerio	AMP0020	D3	S2	AMP0020_S2	AMP0020_D3_S2	B01	DRE_F09_T12	F09_gonads	DRE15	F09	F	T12	gonads
Danio_rerio	AMP0020	D3	S2	AMP0020_S2	AMP0020_D3_S2	C01	DRE_F10_T07	F10_pectoral_fin	DRE16	F10	F	T07	pectoral_fin
Danio_rerio	AMP0020	D3	S2	AMP0020_S2	AMP0020_D3_S2	D01	DRE_F13_T06	F13_eye	DRE23	F13	F	T06	eye
Danio_rerio	AMP0020	D3	S2	AMP0020_S2	AMP0020_D3_S2	E01	DRE_M01_T01	M01_gills	DRE02	M01	M	T01	gills
Danio_rerio	AMP0020	D3	S2	AMP0020_S2	AMP0020_D3_S2	F01	DRE_M01_T08	M01_kidney	DRE02	M01	M	T08	kidney
Danio_rerio	AMP0020	D3	S2	AMP0020_S2	AMP0020_D3_S2	G01	DRE_M02_T03	M02_brain	DRE03	M02	M	T03	brain
Danio_rerio	AMP0020	D3	S2	AMP0020_S2	AMP0020_D3_S2	H01	DRE_M02_T10	M02_intestine	DRE03	M02	M	T10	intestine
Danio_rerio	AMP0020	D3	S2	AMP0020_S2	AMP0020_D3_S2	A02	DRE_M03_T05	M03_skin	DRE09	M03	M	T05	skin
Danio_rerio	AMP0020	D3	S2	AMP0020_S2	AMP0020_D3_S2	B02	DRE_M04_T07	M04_pectoral_fin	DRE10	M04	M	T07	pectoral_fin
Danio_rerio	AMP0020	D3	S2	AMP0020_S2	AMP0020_D3_S2	C02	DRE_M06_T04	M06_liver	DRE14	M06	M	T04	liver
Danio_rerio	AMP0020	D3	S2	AMP0020_S2	AMP0020_D3_S2	D02	DRE_M07_T06	M07_eye	DRE17	M07	M	T06	eye
Danio_rerio	AMP0020	D3	S2	AMP0020_S2	AMP0020_D3_S2	E02	DRE_M08_T01	M08_gills	DRE18	M08	M	T01	gills
Danio_rerio	AMP0020	D3	S2	AMP0020_S2	AMP0020_D3_S2	F02	DRE_M09_T03	M09_brain	DRE19	M09	M	T03	brain
Danio_rerio	AMP0020	D3	S2	AMP0020_S2	AMP0020_D3_S2	G02	DRE_M09_T10	M09_intestine	DRE19	M09	M	T10	intestine
Danio_rerio	AMP0020	D3	S2	AMP0020_S2	AMP0020_D3_S2	H02	DRE_M10_T05	M10_skin	DRE20	M10	M	T05	skin
Danio_rerio	AMP0020	D3	S2	AMP0020_S2	AMP0020_D3_S2	A03	DRE_M10_T12	M10_gonads	DRE20	M10	M	T12	gonads
Danio_rerio	AMP0020	D3	S2	AMP0020_S2	AMP0020_D3_S2	B03	DRE_M11_T07	M11_pectoral_fin	DRE24	M11	M	T07	pectoral_fin
Danio_rerio	AMP0020	D3	S2	AMP0020_S2	AMP0020_D3_S2	C03	DRE_M12_T02	M12_heart	DRE25	M12	M	T02	heart
Danio_rerio	AMP0020	D4	S2	AMP0020_S2	AMP0020_D4_S2	D03	DRE_F01_T04	F01_liver	DRE01	F01	F	T04	liver
Danio_rerio	AMP0020	D4	S2	AMP0020_S2	AMP0020_D4_S2	E03	DRE_F02_T06	F02_eye	DRE04	F02	F	T06	eye
Danio_rerio	AMP0020	D4	S2	AMP0020_S2	AMP0020_D4_S2	F03	DRE_F04_T03	F04_brain	DRE06	F04	F	T03	brain
Danio_rerio	AMP0020	D4	S2	AMP0020_S2	AMP0020_D4_S2	G03	DRE_F04_T10	F04_intestine	DRE06	F04	F	T10	intestine
Danio_rerio	AMP0020	D4	S2	AMP0020_S2	AMP0020_D4_S2	H03	DRE_F05_T05	F05_skin	DRE07	F05	F	T05	skin
Danio_rerio	AMP0020	D4	S2	AMP0020_S2	AMP0020_D4_S2	A04	DRE_F05_T12	F05_gonads	DRE07	F05	F	T12	gonads
Danio_rerio	AMP0020	D4	S2	AMP0020_S2	AMP0020_D4_S2	B04	DRE_F06_T07	F06_pectoral_fin	DRE08	F06	F	T07	pectoral_fin
Danio_rerio	AMP0020	D4	S2	AMP0020_S2	AMP0020_D4_S2	C04	DRE_F07_T02	F07_heart	DRE12	F07	F	T02	heart
Danio_rerio	AMP0020	D4	S2	AMP0020_S2	AMP0020_D4_S2	D04	DRE_F08_T04	F08_liver	DRE13	F08	F	T04	liver
Danio_rerio	AMP0020	D4	S2	AMP0020_S2	AMP0020_D4_S2	E04	DRE_F09_T06	F09_eye	DRE15	F09	F	T06	eye
Danio_rerio	AMP0020	D4	S2	AMP0020_S2	AMP0020_D4_S2	F04	DRE_F11_T03	F11_brain	DRE21	F11	F	T03	brain
Danio_rerio	AMP0020	D4	S2	AMP0020_S2	AMP0020_D4_S2	G04	DRE_F11_T10	F11_intestine	DRE21	F11	F	T10	intestine
Danio_rerio	AMP0020	D4	S2	AMP0020_S2	AMP0020_D4_S2	H04	DRE_F12_T05	F12_skin	DRE22	F12	F	T05	skin
Danio_rerio	AMP0020	D4	S2	AMP0020_S2	AMP0020_D4_S2	A05	DRE_F12_T12	F12_gonads	DRE22	F12	F	T12	gonads
Danio_rerio	AMP0020	D4	S2	AMP0020_S2	AMP0020_D4_S2	B05	DRE_F13_T07	F13_pectoral_fin	DRE23	F13	F	T07	pectoral_fin
Danio_rerio	AMP0020	D4	S2	AMP0020_S2	AMP0020_D4_S2	C05	DRE_M03_T06	M03_eye	DRE09	M03	M	T06	eye
Danio_rerio	AMP0020	D4	S2	AMP0020_S2	AMP0020_D4_S2	D05	DRE_M05_T03	M05_brain	DRE11	M05	M	T03	brain
Danio_rerio	AMP0020	D4	S2	AMP0020_S2	AMP0020_D4_S2	E05	DRE_M05_T10	M05_intestine	DRE11	M05	M	T10	intestine
Danio_rerio	AMP0020	D4	S2	AMP0020_S2	AMP0020_D4_S2	F05	DRE_M07_T07	M07_pectoral_fin	DRE17	M07	M	T07	pectoral_fin
Danio_rerio	AMP0020	D4	S2	AMP0020_S2	AMP0020_D4_S2	G05	DRE_M08_T02	M08_heart	DRE18	M08	M	T02	heart
Danio_rerio	AMP0020	D4	S2	AMP0020_S2	AMP0020_D4_S2	H05	DRE_M08_T09	M08_swim_bladder	DRE18	M08	M	T09	swim_bladder
Danio_rerio	AMP0020	D4	S2	AMP0020_S2	AMP0020_D4_S2	A06	DRE_M09_T04	M09_liver	DRE19	M09	M	T04	liver
Danio_rerio	AMP0020	D4	S2	AMP0020_S2	AMP0020_D4_S2	B06	DRE_M10_T06	M10_eye	DRE20	M10	M	T06	eye
Danio_rerio	AMP0020	D4	S2	AMP0020_S2	AMP0020_D4_S2	C06	DRE_M11_T01	M11_gills	DRE24	M11	M	T01	gills
Danio_rerio	AMP0020	D4	S2	AMP0020_S2	AMP0020_D4_S2	D06	DRE_M11_T08	M11_kidney	DRE24	M11	M	T08	kidney
Danio_rerio	AMP0020	D4	S2	AMP0020_S2	AMP0020_D4_S2	E06	DRE_M12_T03	M12_brain	DRE25	M12	M	T03	brain
Danio_rerio	AMP0020	D4	S2	AMP0020_S2	AMP0020_D4_S2	F06	DRE_M12_T10	M12_intestine	DRE25	M12	M	T10	intestine
Danio_rerio	AMP0020	D5	S2	AMP0020_S2	AMP0020_D5_S2	G06	DRE_F01_T12	F01_gonads	DRE01	F01	F	T12	gonads
Danio_rerio	AMP0020	D5	S2	AMP0020_S2	AMP0020_D5_S2	H06	DRE_F02_T07	F02_pectoral_fin	DRE04	F02	F	T07	pectoral_fin
Danio_rerio	AMP0020	D5	S2	AMP0020_S2	AMP0020_D5_S2	A07	DRE_F03_T09	F03_swim_bladder	DRE05	F03	F	T09	swim_bladder
Danio_rerio	AMP0020	D5	S2	AMP0020_S2	AMP0020_D5_S2	B07	DRE_F05_T06	F05_eye	DRE07	F05	F	T06	eye
Danio_rerio	AMP0020	D5	S2	AMP0020_S2	AMP0020_D5_S2	C07	DRE_F06_T01	F06_gills	DRE08	F06	F	T01	gills
Danio_rerio	AMP0020	D5	S2	AMP0020_S2	AMP0020_D5_S2	D07	DRE_F07_T03	F07_brain	DRE12	F07	F	T03	brain
Danio_rerio	AMP0020	D5	S2	AMP0020_S2	AMP0020_D5_S2	E07	DRE_F07_T10	F07_intestine	DRE12	F07	F	T10	intestine
Danio_rerio	AMP0020	D5	S2	AMP0020_S2	AMP0020_D5_S2	F07	DRE_F08_T05	F08_skin	DRE13	F08	F	T05	skin
Danio_rerio	AMP0020	D5	S2	AMP0020_S2	AMP0020_D5_S2	G07	DRE_F08_T12	F08_gonads	DRE13	F08	F	T12	gonads
Danio_rerio	AMP0020	D5	S2	AMP0020_S2	AMP0020_D5_S2	H07	DRE_F09_T07	F09_pectoral_fin	DRE15	F09	F	T07	pectoral_fin
Danio_rerio	AMP0020	D5	S2	AMP0020_S2	AMP0020_D5_S2	A08	DRE_F11_T04	F11_liver	DRE21	F11	F	T04	liver
Danio_rerio	AMP0020	D5	S2	AMP0020_S2	AMP0020_D5_S2	B08	DRE_F12_T06	F12_eye	DRE22	F12	F	T06	eye
Danio_rerio	AMP0020	D5	S2	AMP0020_S2	AMP0020_D5_S2	C08	DRE_F13_T01	F13_gills	DRE23	F13	F	T01	gills
Danio_rerio	AMP0020	D5	S2	AMP0020_S2	AMP0020_D5_S2	D08	DRE_F13_T08	F13_kidney	DRE23	F13	F	T08	kidney
Danio_rerio	AMP0020	D5	S2	AMP0020_S2	AMP0020_D5_S2	E08	DRE_M01_T03	M01_brain	DRE02	M01	M	T03	brain
Danio_rerio	AMP0020	D5	S2	AMP0020_S2	AMP0020_D5_S2	F08	DRE_M01_T10	M01_intestine	DRE02	M01	M	T10	intestine
Danio_rerio	AMP0020	D5	S2	AMP0020_S2	AMP0020_D5_S2	G08	DRE_M02_T05	M02_skin	DRE03	M02	M	T05	skin
Danio_rerio	AMP0020	D5	S2	AMP0020_S2	AMP0020_D5_S2	H08	DRE_M02_T12	M02_gonads	DRE03	M02	M	T12	gonads
Danio_rerio	AMP0020	D5	S3	AMP0020_S3	AMP0020_D5_S3	A01	DRE_M03_T07	M03_pectoral_fin	DRE09	M03	M	T07	pectoral_fin
Danio_rerio	AMP0020	D5	S3	AMP0020_S3	AMP0020_D5_S3	B01	DRE_M06_T06	M06_eye	DRE14	M06	M	T06	eye
Danio_rerio	AMP0020	D5	S3	AMP0020_S3	AMP0020_D5_S3	C01	DRE_M07_T01	M07_gills	DRE17	M07	M	T01	gills
Danio_rerio	AMP0020	D5	S3	AMP0020_S3	AMP0020_D5_S3	D01	DRE_M08_T03	M08_brain	DRE18	M08	M	T03	brain
Danio_rerio	AMP0020	D5	S3	AMP0020_S3	AMP0020_D5_S3	E01	DRE_M08_T10	M08_intestine	DRE18	M08	M	T10	intestine
Danio_rerio	AMP0020	D5	S3	AMP0020_S3	AMP0020_D5_S3	F01	DRE_M09_T05	M09_skin	DRE19	M09	M	T05	skin
Danio_rerio	AMP0020	D5	S3	AMP0020_S3	AMP0020_D5_S3	G01	DRE_M09_T12	M09_gonads	DRE19	M09	M	T12	gonads
Danio_rerio	AMP0020	D5	S3	AMP0020_S3	AMP0020_D5_S3	H01	DRE_M10_T07	M10_pectoral_fin	DRE20	M10	M	T07	pectoral_fin
Danio_rerio	AMP0020	D5	S3	AMP0020_S3	AMP0020_D5_S3	A02	DRE_M12_T04	M12_liver	DRE25	M12	M	T04	liver
Danio_rerio	AMP0020	D6	S3	AMP0020_S3	AMP0020_D6_S3	B02	DRE_F01_T06	F01_eye	DRE01	F01	F	T06	eye
Danio_rerio	AMP0020	D6	S3	AMP0020_S3	AMP0020_D6_S3	C02	DRE_F02_T01	F02_gills	DRE04	F02	F	T01	gills
Danio_rerio	AMP0020	D6	S3	AMP0020_S3	AMP0020_D6_S3	D02	DRE_F03_T03	F03_brain	DRE05	F03	F	T03	brain
Danio_rerio	AMP0020	D6	S3	AMP0020_S3	AMP0020_D6_S3	E02	DRE_F03_T10	F03_intestine	DRE05	F03	F	T10	intestine
Danio_rerio	AMP0020	D6	S3	AMP0020_S3	AMP0020_D6_S3	F02	DRE_F04_T05	F04_skin	DRE06	F04	F	T05	skin
Danio_rerio	AMP0020	D6	S3	AMP0020_S3	AMP0020_D6_S3	G02	DRE_F04_T12	F04_gonads	DRE06	F04	F	T12	gonads
Danio_rerio	AMP0020	D6	S3	AMP0020_S3	AMP0020_D6_S3	H02	DRE_F05_T07	F05_pectoral_fin	DRE07	F05	F	T07	pectoral_fin
Danio_rerio	AMP0020	D6	S3	AMP0020_S3	AMP0020_D6_S3	A03	DRE_F06_T09	F06_swim_bladder	DRE08	F06	F	T09	swim_bladder
Danio_rerio	AMP0020	D6	S3	AMP0020_S3	AMP0020_D6_S3	B03	DRE_F08_T06	F08_eye	DRE13	F08	F	T06	eye
Danio_rerio	AMP0020	D6	S3	AMP0020_S3	AMP0020_D6_S3	C03	DRE_F09_T08	F09_kidney	DRE15	F09	F	T08	kidney
Danio_rerio	AMP0020	D6	S3	AMP0020_S3	AMP0020_D6_S3	D03	DRE_F10_T03	F10_brain	DRE16	F10	F	T03	brain
Danio_rerio	AMP0020	D6	S3	AMP0020_S3	AMP0020_D6_S3	E03	DRE_F10_T10	F10_intestine	DRE16	F10	F	T10	intestine
Danio_rerio	AMP0020	D6	S3	AMP0020_S3	AMP0020_D6_S3	F03	DRE_F11_T05	F11_skin	DRE21	F11	F	T05	skin
Danio_rerio	AMP0020	D6	S3	AMP0020_S3	AMP0020_D6_S3	G03	DRE_F11_T12	F11_gonads	DRE21	F11	F	T12	gonads
Danio_rerio	AMP0020	D6	S3	AMP0020_S3	AMP0020_D6_S3	H03	DRE_F12_T07	F12_pectoral_fin	DRE22	F12	F	T07	pectoral_fin
Danio_rerio	AMP0020	D6	S3	AMP0020_S3	AMP0020_D6_S3	A04	DRE_M01_T04	M01_liver	DRE02	M01	M	T04	liver
Danio_rerio	AMP0020	D6	S3	AMP0020_S3	AMP0020_D6_S3	B04	DRE_M02_T06	M02_eye	DRE03	M02	M	T06	eye
Danio_rerio	AMP0020	D6	S3	AMP0020_S3	AMP0020_D6_S3	C04	DRE_M03_T01	M03_gills	DRE09	M03	M	T01	gills
Danio_rerio	AMP0020	D6	S3	AMP0020_S3	AMP0020_D6_S3	D04	DRE_M03_T08	M03_kidney	DRE09	M03	M	T08	kidney
Danio_rerio	AMP0020	D6	S3	AMP0020_S3	AMP0020_D6_S3	E04	DRE_M04_T03	M04_brain	DRE10	M04	M	T03	brain
Danio_rerio	AMP0020	D6	S3	AMP0020_S3	AMP0020_D6_S3	F04	DRE_M04_T10	M04_intestine	DRE10	M04	M	T10	intestine
Danio_rerio	AMP0020	D6	S3	AMP0020_S3	AMP0020_D6_S3	G04	DRE_M05_T12	M05_gonads	DRE11	M05	M	T12	gonads
Danio_rerio	AMP0020	D6	S3	AMP0020_S3	AMP0020_D6_S3	H04	DRE_M05_T05	M05_skin	DRE11	M05	M	T05	skin
Danio_rerio	AMP0020	D6	S3	AMP0020_S3	AMP0020_D6_S3	A05	DRE_M06_T07	M06_pectoral_fin	DRE14	M06	M	T07	pectoral_fin
Danio_rerio	AMP0020	D6	S3	AMP0020_S3	AMP0020_D6_S3	B05	DRE_M08_T04	M08_liver	DRE18	M08	M	T04	liver
Danio_rerio	AMP0020	D6	S3	AMP0020_S3	AMP0020_D6_S3	C05	DRE_M09_T06	M09_eye	DRE19	M09	M	T06	eye
Danio_rerio	AMP0020	D6	S3	AMP0020_S3	AMP0020_D6_S3	D05	DRE_M11_T03	M11_brain	DRE24	M11	M	T03	brain
Danio_rerio	AMP0020	D6	S3	AMP0020_S3	AMP0020_D6_S3	E05	DRE_M11_T10	M11_intestine	DRE24	M11	M	T10	intestine
Danio_rerio	AMP0020	D6	S3	AMP0020_S3	AMP0020_D6_S3	F05	DRE_M12_T05	M12_skin	DRE25	M12	M	T05	skin
Danio_rerio	AMP0020	D6	S3	AMP0020_S3	AMP0020_D6_S3	G05	DRE_M12_T12	M12_gonads	DRE25	M12	M	T12	gonads
Danio_rerio	AMP0020	D7	S3	AMP0020_S3	AMP0020_D7_S3	H05	DRE_F03_T04	F03_liver	DRE05	F03	F	T04	liver
Danio_rerio	AMP0020	D7	S3	AMP0020_S3	AMP0020_D7_S3	A06	DRE_F03_T11	F03_muscle	DRE05	F03	F	T11	muscle
Danio_rerio	AMP0020	D7	S3	AMP0020_S3	AMP0020_D7_S3	B06	DRE_F04_T06	F04_eye	DRE06	F04	F	T06	eye
Danio_rerio	AMP0020	D7	S3	AMP0020_S3	AMP0020_D7_S3	C06	DRE_F05_T08	F05_kidney	DRE07	F05	F	T08	kidney
Danio_rerio	AMP0020	D7	S3	AMP0020_S3	AMP0020_D7_S3	D06	DRE_F06_T03	F06_brain	DRE08	F06	F	T03	brain
Danio_rerio	AMP0020	D7	S3	AMP0020_S3	AMP0020_D7_S3	E06	DRE_F06_T10	F06_intestine	DRE08	F06	F	T10	intestine
Danio_rerio	AMP0020	D7	S3	AMP0020_S3	AMP0020_D7_S3	F06	DRE_F07_T12	F07_gonads	DRE12	F07	F	T12	gonads
Danio_rerio	AMP0020	D7	S3	AMP0020_S3	AMP0020_D7_S3	G06	DRE_F08_T07	F08_pectoral_fin	DRE13	F08	F	T07	pectoral_fin
Danio_rerio	AMP0020	D7	S3	AMP0020_S3	AMP0020_D7_S3	H06	DRE_F10_T04	F10_liver	DRE16	F10	F	T04	liver
Danio_rerio	AMP0020	D7	S3	AMP0020_S3	AMP0020_D7_S3	A07	DRE_F11_T06	F11_eye	DRE21	F11	F	T06	eye
Danio_rerio	AMP0020	D7	S3	AMP0020_S3	AMP0020_D7_S3	B07	DRE_F12_T01	F12_gills	DRE22	F12	F	T01	gills
Danio_rerio	AMP0020	D7	S3	AMP0020_S3	AMP0020_D7_S3	C07	DRE_F13_T03	F13_brain	DRE23	F13	F	T03	brain
Danio_rerio	AMP0020	D7	S3	AMP0020_S3	AMP0020_D7_S3	D07	DRE_F13_T10	F13_intestine	DRE23	F13	F	T10	intestine
Danio_rerio	AMP0020	D7	S3	AMP0020_S3	AMP0020_D7_S3	E07	DRE_M01_T05	M01_skin	DRE02	M01	M	T05	skin
Danio_rerio	AMP0020	D7	S3	AMP0020_S3	AMP0020_D7_S3	F07	DRE_M02_T07	M02_pectoral_fin	DRE03	M02	M	T07	pectoral_fin
Danio_rerio	AMP0020	D7	S3	AMP0020_S3	AMP0020_D7_S3	G07	DRE_M04_T04	M04_liver	DRE10	M04	M	T04	liver
Danio_rerio	AMP0020	D7	S3	AMP0020_S3	AMP0020_D7_S3	H07	DRE_M05_T06	M05_eye	DRE11	M05	M	T06	eye
Danio_rerio	AMP0020	D7	S3	AMP0020_S3	AMP0020_D7_S3	A08	DRE_M06_T01	M06_gills	DRE14	M06	M	T01	gills
Danio_rerio	AMP0020	D7	S3	AMP0020_S3	AMP0020_D7_S3	B08	DRE_M07_T03	M07_brain	DRE17	M07	M	T03	brain
Danio_rerio	AMP0020	D7	S3	AMP0020_S3	AMP0020_D7_S3	C08	DRE_M07_T10	M07_intestine	DRE17	M07	M	T10	intestine
Danio_rerio	AMP0020	D7	S3	AMP0020_S3	AMP0020_D7_S3	D08	DRE_M08_T05	M08_skin	DRE18	M08	M	T05	skin
Danio_rerio	AMP0020	D7	S3	AMP0020_S3	AMP0020_D7_S3	E08	DRE_M08_T12	M08_gonads	DRE18	M08	M	T12	gonads
Danio_rerio	AMP0020	D7	S3	AMP0020_S3	AMP0020_D7_S3	F08	DRE_M09_T07	M09_pectoral_fin	DRE19	M09	M	T07	pectoral_fin
Danio_rerio	AMP0020	D7	S3	AMP0020_S3	AMP0020_D7_S3	G08	DRE_M11_T04	M11_liver	DRE24	M11	M	T04	liver
Danio_rerio	AMP0020	D7	S3	AMP0020_S3	AMP0020_D7_S3	H08	DRE_M11_T11	M11_muscle	DRE24	M11	M	T11	muscle